text,label
เครียดมาก,stress
เครียดสุดๆ,stress
เครียดเรื่องเรียน,stress
กังวลไปหมด,stress
คิดมากตลอดเวลา,stress
นอนไม่หลับเพราะเครียด,stress
เหนื่อยใจมาก,stress
รู้สึกกดดัน,stress
เครียดเรื่องอนาคต,stress
ทำอะไรไม่ทันเลยเครียด,stress
งานเยอะมากจนหัวหมุน,stress
กังวลเรื่องเงินไม่พอใช้,stress
คิดมากจนปวดหัวทุกวัน,stress
เครียดกับครอบครัวมาก,stress
มีปัญหากับเพื่อนจนเครียด,stress
ความเครียดสะสมเต็มไปหมด,stress
รู้สึกตึงเครียดทั้งวัน,stress
ไม่มีเวลาพักผ่อนเลย,stress
ทุกอย่างดูน่ากดดันไปหมด,stress
ไม่รู้จะจัดการชีวิตยังไงดี,stress
หมดไฟกับงานมากตอนนี้,stress
ไม่อยากตื่นมาเจออะไรอีกแล้ว,stress
สมองตื้อไปหมดเลย,stress
แบกรับความคาดหวังไม่ไหวแล้ว,stress
กังวลจนมือสั่น,stress
รู้สึกเหมือนโดนบีบตลอดเวลา,stress
ชีวิตมันยากเกินไป,stress
เครียดจนอยากร้องไห้,stress
จัดลำดับความสำคัญไม่ถูกเลย,stress
วิตกกับอนาคตตลอดเวลา,stress
กลัวทำงานพลาด,stress
พยายามแค่ไหนก็รู้สึกไม่พอ,stress
เครียดจนปวดท้อง,stress
รู้สึกโดดเดี่ยวมาก,stress
เบื่อทุกอย่างรอบตัว,stress
คิดเรื่องเดิมซ้ำๆไม่หยุด,stress
กดดันจนกินข้าวไม่ลง,stress
ใจสั่นทุกครั้งที่งานเข้า,stress
รู้สึกล้มเหลวในชีวิต,stress
ไม่อยากคุยกับใครเลย,stress
กังวลสายตาคนอื่นตลอด,stress
ภาระเยอะจนเหนื่อย,stress
อึดอัดจนหายใจไม่ทั่วท้อง,stress
ชีวิตวุ่นวายเกินควบคุม,stress
กลัวตกงานมาก,stress
เครียดเรื่องหนี้สิน,stress
ทะเลาะกับแฟนจนปวดหัว,stress
สภาพจิตใจแย่มากช่วงนี้,stress
ไม่มีความสุขกับชีวิตตอนนี้,stress
รู้สึกเหมือนโดนเร่งตลอดเวลา,stress
เครียดเพราะเปรียบเทียบตัวเองกับคนอื่น,stress
นอนคิดมากทุกคืน,stress
กังวลเรื่องสุขภาพตัวเองมาก,stress
ทำงานหนักแต่ไม่เห็นผลเลย,stress
เครียดจนระบบร่างกายรวน,stress
จิตตกหนักมากช่วงนี้,stress
อยากอยู่คนเดียวเงียบๆ,stress
เครียดจนไม่มีสมาธิ,stress
เหมือนจะระเบิดอารมณ์ได้ทุกเมื่อ,stress
กังวลเรื่องสัมภาษณ์งานมาก,stress
เครียดกับโปรเจกต์ที่ทำอยู่,stress
งานกองเต็มไปหมดจนไม่รู้จะเริ่มตรงไหน,stress
กดดันจากคะแนนสอบมาก,stress
เครียดเพราะโดนเร่งงานทุกวัน,stress
รู้สึกว่าชีวิตไม่มีสมดุลเลย,stress
ตื่นมาก็เครียดแล้ว,stress
พักผ่อนยังไงก็ไม่หายเหนื่อย,stress
คิดเรื่องอนาคตจนหลับไม่ลง,stress
กลัวว่าจะทำให้ทุกคนผิดหวัง,stress
รู้สึกแบกรับทุกอย่างไว้คนเดียว,stress
เครียดจนร้องไห้กลางดึก,stress
ไม่รู้จะปรึกษาใครดี,stress
กังวลเรื่องค่าใช้จ่ายตลอดเวลา,stress
ทำอะไรพลาดนิดเดียวก็เครียด,stress
โดนคาดหวังมากจนเหนื่อยใจ,stress
หัวจะระเบิดเพราะงานเยอะ,stress
รู้สึกเหมือนพักไม่ได้เลย,stress
เครียดจนไม่อยากออกจากห้อง,stress
ไม่มีแรงทำอะไรเลยช่วงนี้,stress
ยิ่งคิดยิ่งเครียด,stress
กลัวอนาคตที่ยังมาไม่ถึง,stress
เครียดจนกินไม่ได้นอนไม่หลับ,stress
ทุกอย่างดูหนักไปหมด,stress
ชีวิตตอนนี้เต็มไปด้วยแรงกดดัน,stress
เครียดกับเรื่องเรียนและงานพร้อมกัน,stress
สมองไม่หยุดคิดเลย,stress
รู้สึกเหนื่อยล้าทางจิตใจมาก,stress
เครียดจนปวดคอปวดไหล่,stress
ทำไมปัญหามันเยอะขนาดนี้,stress
รู้สึกถูกความเครียดครอบงำ,stress
ไม่มีอะไรทำให้สบายใจเลย,stress
ใจไม่สงบเลยช่วงนี้,stress
คิดมากจนไม่มีแรง,stress
เครียดกับการใช้ชีวิตประจำวัน,stress
กลัวว่าจะไม่ประสบความสำเร็จ,stress
กังวลเรื่องอนาคตการงาน,stress
งานถาโถมเข้ามาไม่หยุด,stress
รู้สึกกดดันจากคนรอบตัว,stress
เครียดจนอยากหายไปสักพัก,stress
พักผ่อนเท่าไหร่ก็ยังเครียด,stress
เครียดจนปวดไมเกรน,stress
เหมือนมีเรื่องให้คิดตลอดเวลา,stress
ทุกวันเต็มไปด้วยความกังวล,stress
ไม่รู้จะเริ่มแก้ปัญหาจากตรงไหน,stress
รู้สึกอ่อนล้าทั้งใจและร่างกาย,stress
กังวลจนไม่มีสมาธิเรียน,stress
เครียดจนหงุดหงิดง่าย,stress
เหนื่อยกับทุกอย่างจริงๆ,stress
รู้สึกว่าปัญหารุมเร้า,stress
กลัวตัดสินใจผิดพลาด,stress
เครียดกับเดดไลน์ที่ใกล้เข้ามา,stress
เหมือนชีวิตไม่มีเวลาหยุดพัก,stress
เครียดจนอยากปิดโทรศัพท์หนีทุกอย่าง,stress
ไม่อยากรับรู้อะไรแล้วตอนนี้,stress
ความคิดในหัววุ่นวายไปหมด,stress
เหมือนกำลังจมน้ำกับปัญหา,stress
เครียดจนไม่มีแรงยิ้ม,stress
รู้สึกกังวลโดยไม่มีเหตุผล,stress
ใจหนักมากช่วงนี้,stress
เครียดเพราะต้องรับผิดชอบหลายอย่าง,stress
นอนหลับไม่สนิทเพราะคิดมาก,stress
กังวลทุกเรื่องแม้เป็นเรื่องเล็กๆ,stress
รู้สึกเหมือนตัวเองไม่ดีพอ,stress
ชีวิตเต็มไปด้วยความกดดัน,stress
เครียดจนไม่อยากเข้าสังคม,stress
เหมือนสมองทำงานตลอดเวลา,stress
กดดันตัวเองหนักเกินไป,stress
ไม่รู้ว่าควรไปต่อยังไง,stress
ทุกอย่างดูยากไปหมดตอนนี้,stress
เหนื่อยใจกับปัญหาที่เข้ามาไม่หยุด,stress
เครียดจนรู้สึกหมดพลัง,stress
ใจล้าเกินจะรับอะไรเพิ่มแล้ว,stress
เครียดกับความสัมพันธ์รอบตัว,stress
รู้สึกเหมือนชีวิตกำลังพัง,stress
กังวลจนหายใจไม่ทั่วท้อง,stress
คิดมากจนปวดอก,stress
ความเครียดทำให้ไม่มีความสุขเลย,stress
รู้สึกเหมือนกำลังถูกกดทับ,stress
ทำอะไรก็รู้สึกกดดันไปหมด,stress
เครียดจนอยากพักทุกอย่างไว้ก่อน,stress
หัวจะระเบิดแล้ววันนี้,stress
ไม่ไหวจริงๆช่วงนี้,stress
ใจมันหนักๆบอกไม่ถูก,stress
เหมือนมีอะไรทับอยู่ในอก,stress
สมองล้าไปหมดแล้ว,stress
พักก็ยังไม่หายเหนื่อย,stress
ตึงไปหมดทั้งตัวทั้งใจ,stress
เหนื่อยจนไม่อยากพูดอะไร,stress
กดดันตัวเองทุกวัน,stress
รู้สึกเหมือนโดนบังคับตลอดเวลา,stress
อยากหายไปพักนึง,stress
อยากหนีไปไกลๆ,stress
รู้สึกเหมือนหัวจะแตกเพราะต้องคิดหลายเรื่องพร้อมกัน,stress
เครียดจนกัดเล็บตัวเองโดยไม่รู้ตัว,stress
งานถมทับจนไม่รู้จะเริ่มจากตรงไหนดี,stress
รู้สึกหายใจไม่ทั่วท้องทุกครั้งที่นึกถึงงาน,stress
เครียดจนขมวดคิ้วตลอดทั้งวัน,stress
กดดันตัวเองจนแทบไม่มีเวลาหายใจ,stress
รู้สึกเหมือนโดนบีบจากทุกทิศทางพร้อมกัน,stress
เครียดจนมือเย็นเฉียบตลอดเวลา,stress
คิดเรื่องงานจนนอนไม่หลับทั้งคืน,stress
รู้สึกท้องไส้ปั่นป่วนทุกครั้งที่เครียด,stress
เครียดจนรู้สึกเหมือนคอตึงไปหมด,stress
กังวลจนตัวสั่นทุกครั้งที่ต้องตัดสินใจ,stress
รู้สึกเหมือนสมองทำงานหนักเกินกำลัง,stress
เครียดจนกินอะไรก็ไม่รู้รสชาติ,stress
กดดันตัวเองทุกครั้งที่ผลงานออกมาไม่ดี,stress

รู้สึกเหมือนตัวเองติดอยู่ในหมอกทึบไปหมด,depression
ไม่มีเรี่ยวแรงจะยิ้มให้ใครแล้ว,depression
ทุกวันผ่านไปเหมือนกันหมดไม่มีความหมาย,depression
รู้สึกชาไปหมดทั้งตัวไม่รู้สึกอะไรเลย,depression
ไม่อยากดูแลตัวเองแม้แต่เรื่องพื้นฐาน,depression
เศร้าแบบที่อธิบายเป็นคำพูดไม่ได้,depression
รู้สึกเหมือนหัวใจถูกดูดพลังไปจนหมด,depression
ไม่มีอะไรทำให้อยากลุกจากที่นอนเลย,depression
รู้สึกเหมือนกำลังแบกก้อนหินหนักๆไว้ในอก,depression
เบื่อหน่ายกับตัวเองและทุกอย่างรอบตัว,depression
ไม่รู้สึกอินกับอะไรเหมือนเมื่อก่อนเลย,depression
รู้สึกเหมือนแสงในตัวเองดับไปหมดแล้ว,depression
ทุกอย่างรอบตัวดูเทาไปหมดไม่มีสีสัน,depression
ไม่มีแรงจะสนใจคนรอบข้างเลย,depression
รู้สึกเหมือนตัวเองกำลังละลายหายไปทีละนิด,depression
เศร้าจนรู้สึกเหมือนร่างกายมันหนักขึ้นทุกวัน,depression
ไม่อยากขยับตัวไปไหนเลยทั้งวัน,depression
รู้สึกว่างเปล่าจนไม่รู้จะเติมอะไรลงไป,depression
เหนื่อยกับการพยายามฝืนใช้ชีวิตให้ดูปกติ,depression
รู้สึกเหมือนตัวเองอยู่หลังกระจกมองโลกแบบไม่มีส่วนร่วม,depression
เศร้าจัง,depression
ไม่มีความสุขเลย,depression
รู้สึกว่างเปล่า,depression
ไม่อยากทำอะไร,depression
เบื่อทุกอย่าง,depression
ร้องไห้บ่อยมาก,depression
รู้สึกโดดเดี่ยว,depression
ไม่มีใครเข้าใจ,depression
ไม่อยากเจอใคร,depression
ชีวิตไม่มีค่า,depression
รู้สึกไร้ค่า,depression
ไม่อยากลุกจากเตียง,depression
หมดกำลังใจ,depression
ไม่มีแรงจะใช้ชีวิต,depression
ไม่สนใจอะไรแล้ว,depression
รู้สึกเฉยๆกับทุกอย่าง,depression
โลกมันน่าเบื่อ,depression
ไม่มีความหมายเลย,depression
ไม่อยากคุยกับใคร,depression
ทุกอย่างดูแย่ไปหมด,depression
เหมือนจมอยู่ในมหาสมุทรที่มองไม่เห็นฝั่ง,depression
สีสันในชีวิตหายไปหมด,depression
กินอะไรก็ไม่อร่อยเหมือนเดิม,depression
ไม่อยากตื่นมาเจอวันใหม่,depression
รู้สึกเหมือนเป็นภาระของคนรอบข้าง,depression
ข้างในมันว่างเปล่าไปหมด,depression
ร้องไห้ไม่ออกแต่มันจุกในอก,depression
ทำไมเรายิ้มไม่ได้เหมือนคนอื่น,depression
แม้แต่สิ่งที่เคยชอบก็ไม่อยากทำ,depression
อยากหายไปเงียบๆ,depression
รู้สึกเหมือนติดอยู่ในห้องมืดคนเดียว,depression
พยายามมีความสุขแต่เหนื่อยเกินไป,depression
ไม่รู้ว่าอยู่ไปเพื่ออะไร,depression
จิตใจมันพังไปหมดแล้ว,depression
ทุกอย่างรอบตัวดูหม่นหมอง,depression
เกลียดตัวเองที่ทำอะไรไม่ได้,depression
ใช้ชีวิตไปวันๆแบบไม่มีเป้าหมาย,depression
ความเศร้ากัดกินใจทุกวัน,depression
ทำอะไรก็รู้สึกว่าตัวเองผิด,depression
อยากหลับไปนานๆ,depression
ไม่มีเสียงหัวเราะมานานแล้ว,depression
หัวใจมันชาไปหมด,depression
ฝืนยิ้มจนเหนื่อย,depression
ความอ้างว้างมันน่ากลัว,depression
รู้สึกเหมือนไม่มีตัวตน,depression
เหนื่อยที่จะอธิบายความรู้สึก,depression
เก็บตัวอยู่แต่ในห้อง,depression
อนาคตดูมืดมนไปหมด,depression
ไม่มีความหวังอะไรเหลือแล้ว,depression
ใจมันแตกสลาย,depression
รู้สึกเหนื่อยกับชีวิตมาก,depression
ไม่เห็นคุณค่าของตัวเอง,depression
เหมือนโลกทั้งใบกำลังถล่ม,depression
ไม่มีแรงแม้แต่จะร้องไห้,depression
รู้สึกโดดเดี่ยวแม้อยู่ท่ามกลางคนเยอะๆ,depression
ไม่มีอะไรทำให้รู้สึกดีขึ้นเลย,depression
ทุกวันเหมือนเดิมไม่มีอะไรดีขึ้น,depression
รู้สึกเหมือนตัวเองไม่มีประโยชน์,depression
ไม่อยากออกไปไหน,depression
ไม่อยากเข้าสังคม,depression
เหมือนหัวใจหนักไปหมด,depression
ตื่นมาก็เหนื่อยแล้ว,depression
ไม่รู้จะใช้ชีวิตต่อยังไง,depression
เศร้าจนไม่อยากพูดอะไร,depression
ยิ้มไม่ออกเลยช่วงนี้,depression
รู้สึกมืดแปดด้าน,depression
ชีวิตมันเงียบเกินไป,depression
ไม่มีแรงแม้แต่จะคิด,depression
อยากหายไปจากตรงนี้,depression
รู้สึกเหมือนตัวเองไม่สำคัญ,depression
ไม่มีใครสังเกตว่าเรากำลังพัง,depression
โลกนี้ไม่เหลือที่สำหรับเรา,depression
รู้สึกหลงทางในชีวิต,depression
เศร้าจนกินอะไรไม่ลง,depression
ไม่อยากตอบข้อความใคร,depression
เหมือนใช้ชีวิตแบบไร้วิญญาณ,depression
ไม่มีแรงจะเริ่มต้นอะไรใหม่,depression
ทุกอย่างดูไร้ความหมาย,depression
เหมือนกำลังจมน้ำช้าๆ,depression
ไม่เหลือความรู้สึกตื่นเต้นกับอะไรเลย,depression
ไม่อยากรับรู้อะไรอีก,depression
หัวใจมันเหนื่อยเกินไป,depression
เหมือนชีวิตไม่มีทางออก,depression
รู้สึกตัวเองล้มเหลว,depression
ร้องไห้คนเดียวบ่อยๆ,depression
ไม่มีใครให้ระบาย,depression
ไม่อยากเป็นตัวปัญหาของใคร,depression
รู้สึกเหมือนตัวเองแตกสลาย,depression
ไม่อยากให้ใครเห็นสภาพตอนนี้,depression
ทุกคืนเต็มไปด้วยความคิดลบ,depression
อยู่เฉยๆก็เศร้า,depression
ไม่มีอะไรทำให้มีความสุขได้เลย,depression
เหมือนตัวเองหายไปจากโลกนี้แล้ว,depression
ไม่มีแรงแม้แต่จะดูแลตัวเอง,depression
ไม่อยากทำแม้แต่เรื่องง่ายๆ,depression
ไม่รู้ว่าความสุขหน้าตาเป็นยังไงแล้ว,depression
ชีวิตมันหนักเกินไป,depression
รู้สึกเหมือนกำลังพังลงทุกวัน,depression
เหนื่อยกับการต้องฝืนตัวเอง,depression
รู้สึกว่าตัวเองไม่ดีพอ,depression
ทุกอย่างในชีวิตดูว่างเปล่า,depression
ไม่มีใครเข้าใจสิ่งที่เรารู้สึก,depression
อยากอยู่เงียบๆคนเดียว,depression
ใจมันล้าไปหมด,depression
รู้สึกเศร้าแบบไม่มีสาเหตุ,depression
ไม่อยากรับโทรศัพท์จากใคร,depression
ทุกวันเหมือนต้องฝืนหายใจ,depression
รู้สึกเหมือนถูกทิ้งให้อยู่คนเดียว,depression
ไม่อยากมองหน้าตัวเอง,depression
เหนื่อยจนไม่อยากสู้ต่อ,depression
รู้สึกเหมือนชีวิตไม่มีอนาคต,depression
ไม่มีแรงจะฝันอะไรอีก,depression
ทุกอย่างดูไร้สีสัน,depression
เหมือนตัวเองจมหายไปเรื่อยๆ,depression
รู้สึกไม่มีที่ยืน,depression
แค่ใช้ชีวิตในแต่ละวันก็เหนื่อยมาก,depression
ไม่รู้ว่าควรขอความช่วยเหลือจากใคร,depression
ไม่อยากเป็นภาระให้ใคร,depression
บางวันก็ไม่อยากตื่นขึ้นมา,depression
เหมือนใจถูกบีบไว้ตลอดเวลา,depression
ไม่เหลือพลังใจแล้ว,depression
เศร้าจนปวดใจ,depression
ไม่มีแรงแม้แต่จะยิ้มตอบ,depression
รู้สึกว่าตัวเองหายไปจากความทรงจำของทุกคน,depression
นอนทั้งวันก็ยังเหนื่อย,depression
ไม่รู้ว่าความหวังอยู่ตรงไหน,depression
รู้สึกอ่อนแอเกินไป,depression
ไม่อยากพยายามอะไรอีกแล้ว,depression
อยู่ต่อไปก็ไม่รู้เพื่ออะไร,depression
ชีวิตเหมือนไม่มีแสงสว่าง,depression
ใจมันว่างจนเจ็บ,depression
ทุกอย่างค่อยๆพังลงต่อหน้า,depression
เหมือนตัวเองไม่มีค่าในสายตาใคร,depression
เศร้าจนไม่อยากลืมตา,depression
ไม่มีอะไรน่ารอคอยอีกแล้ว,depression
อยากหายไปจากทุกอย่าง,depression
รู้สึกเหมือนอยู่คนเดียวบนโลก,depression
เศ้ามากก,depression
ไม่ไหวละ,depression
เหนื่อยจังเลยอะ,depression
ไม่อยากใช้ชีวืต,depression

อยากหายไป,risk_passive
ไม่อยากอยู่แล้ว,risk_passive
ไม่อยากตื่นขึ้นมา,risk_passive
ชีวิตไม่มีความหมาย,risk_passive
ไม่มีเหตุผลที่จะอยู่,risk_passive
อยากหลับไปเลย,risk_passive
ไม่อยากมีชีวิตอยู่,risk_passive
อยากให้ทุกอย่างจบลง,risk_passive
ไม่เหลืออะไรแล้ว,risk_passive
ไม่อยากทนแล้ว,risk_passive
ไม่มีใครต้องการเรา,risk_passive
อยากหายไปจากโลกนี้,risk_passive
ไม่เห็นภาพตัวเองในวันพรุ่งนี้เลย,risk_passive
โลกนี้ไม่เหมาะกับเรา,risk_passive
รู้สึกเหมือนตายทั้งเป็น,risk_passive
แค่หายไปก็คงดี,risk_passive
ไม่รู้จะอยู่ต่อไปเพื่ออะไร,risk_passive
เหนื่อยเกินกว่าจะสู้ต่อ,risk_passive
ไม่มีแรงจะใช้ชีวิตแล้ว,risk_passive
อยากหายไปแบบไม่มีใครหาเจอ,risk_passive
ชีวิตไม่มีอะไรให้ยึดอีกแล้ว,risk_passive
ไม่อยากรับรู้โลกนี้อีก,risk_passive
ขอแค่ได้หายไปก็พอ,risk_passive
ไม่เหลือความหวังแล้ว,risk_passive
ไม่อยากหายใจต่อแล้ว,risk_passive
ทุกอย่างมันหนักเกินไป,risk_passive
ไม่เห็นทางออกของชีวิตเลย,risk_passive
เหมือนอยู่ไปวันๆรอจบ,risk_passive
ไม่อยากอยู่ให้ใครลำบาก,risk_passive
อยากปิดทุกอย่างแล้วหายไป,risk_passive
ไม่มีเหตุผลให้ตื่นมาอีกแล้ว,risk_passive
อยากหนีจากชีวิตนี้ตลอดไป,risk_passive
รู้สึกไร้ค่าจนไม่อยากอยู่,risk_passive
ชีวิตไม่มีแสงสว่างเหลือแล้ว,risk_passive
อยู่ต่อไปก็ไม่มีประโยชน์,risk_passive
ไม่เหลือใครให้ยึดเหนี่ยว,risk_passive
เหมือนตัวเองหมดค่าแล้ว,risk_passive
อยากหายไปเงียบๆคนเดียว,risk_passive
ทุกอย่างคงดีขึ้นถ้าไม่มีเรา,risk_passive
ตื่นขึ้นมาก็ยังเจ็บเหมือนเดิม,risk_passive
ไม่อยากฝืนใช้ชีวิตต่อแล้ว,risk_passive
ความเจ็บปวดมันไม่จบสักที,risk_passive
อยากหายไปโดยไม่มีใครจำได้,risk_passive
โลกนี้คงไม่ต่างอะไรถ้าไม่มีเรา,risk_passive
ไม่มีใครเข้าใจสิ่งที่เราเจอ,risk_passive
อยากพักแบบไม่ต้องกลับมาอีก,risk_passive
ไม่รู้จะทนต่อไปทำไม,risk_passive
ทุกวันมันทรมานเกินไป,risk_passive
ข้างในมันพังไปหมดแล้ว,risk_passive
ไม่เหลือกำลังใจให้ตัวเองแล้ว,risk_passive
แค่หายใจอยู่ก็เหนื่อยแล้ว,risk_passive
ชีวิตไม่มีอะไรดีขึ้นเลย,risk_passive
ไม่อยากเป็นภาระให้ครอบครัว,risk_passive
อยากหนีจากตัวเองให้ได้,risk_passive
ไม่รู้จะขอความช่วยเหลือจากใคร,risk_passive
อยู่ต่อก็มีแต่เจ็บ,risk_passive
ความมืดในใจมันหนักเกินไป,risk_passive
อยากหายไปจากความทรงจำทุกคน,risk_passive
ไม่มีใครคงสนใจถ้าเราหายไป,risk_passive
เหนื่อยจนไม่อยากลุกขึ้นมาอีก,risk_passive
ไม่เหลือพลังจะสู้ชีวิตแล้ว,risk_passive
ทุกอย่างมันจบแล้วสำหรับเรา,risk_passive
รู้สึกว่าตัวเองไม่มีคุณค่าเลย,risk_passive
ไม่เห็นอนาคตที่อยากมีชีวิตอยู่,risk_passive
บางทีการหายไปอาจดีที่สุด,risk_passive
อยากให้ทุกอย่างเงียบลงสักที,risk_passive
ไม่อยากเจอพรุ่งนี้อีกแล้ว,risk_passive
เหมือนใจมันตายไปแล้ว,risk_passive
ไม่มีใครช่วยเราได้แล้ว,risk_passive
ความเศร้ามันกินเราจนหมดแล้ว,risk_passive
อยากปล่อยทุกอย่างไปเลย,risk_passive
ไม่รู้จะอดทนไปถึงเมื่อไหร่,risk_passive
เหมือนตัวเองกำลังจมหาย,risk_passive
ไม่มีแรงจะพยายามอีกแล้ว,risk_passive
โลกนี้คงดีขึ้นถ้าไม่มีเรา,risk_passive
ไม่อยากอยู่ให้ใครผิดหวังอีก,risk_passive
อยากหายไปโดยไม่ต้องบอกลา,risk_passive
รู้สึกว่าตัวเองไม่มีที่ยืน,risk_passive
ไม่มีอะไรยึดเราไว้ได้อีก,risk_passive
เหนื่อยจนอยากยอมแพ้ทุกอย่าง,risk_passive
เหมือนชีวิตเดินมาถึงทางตัน,risk_passive
ไม่อยากรับรู้อะไรอีกต่อไป,risk_passive
ความเจ็บในใจมันหนักเกินรับไหว,risk_passive
ทุกคืนคิดแต่ว่าอยากหายไป,risk_passive
ไม่เหลือความหวังให้ตัวเองแล้ว,risk_passive
ไม่มีเหตุผลจะอยู่ต่อจริงๆ,risk_passive
อยากให้ทุกอย่างจบลงเร็วๆ,risk_passive
ข้างในมันพังจนไม่เหลืออะไร,risk_passive
ไม่มีแรงแม้แต่จะขอความช่วยเหลือ,risk_passive
เหมือนใช้ชีวิตรอวันหายไป,risk_passive
รู้สึกเหมือนโลกไม่ต้องการเรา,risk_passive
ไม่รู้ว่าตัวเองอยู่ไปเพื่ออะไร,risk_passive
อยากหยุดความรู้สึกทั้งหมดนี้,risk_passive
ใช้ชีวิตต่อไม่ไหวแล้ว,risk_passive
เหนื่อยกับการมีชีวิตอยู่,risk_passive
ไม่มีแรงจะเริ่มต้นวันใหม่,risk_passive
รู้สึกเหมือนตัวเองหายไปแล้ว,risk_passive
ไม่อยากตื่นมาใช้ชีวิตแบบเดิมอีก,risk_passive
ทุกอย่างมันดูว่างเปล่า,risk_passive
ใจมันล้าเกินไปแล้ว,risk_passive
เหมือนตัวเองไม่มีตัวตน,risk_passive
ไม่รู้ว่าความสุขอยู่ตรงไหน,risk_passive
ชีวิตมันมืดไปหมด,risk_passive
อยากพักจากโลกนี้สักพัก,risk_passive
ไม่รู้ว่าทนมาถึงตอนนี้ได้ยังไง,risk_passive
ไม่มีแรงแม้แต่จะยิ้ม,risk_passive
เหมือนถูกทิ้งไว้คนเดียวบนโลก,risk_passive
ใจมันหนักเกินไป,risk_passive
ทุกอย่างดูไร้ค่าไปหมด,risk_passive
ไม่อยากอยู่กับความรู้สึกนี้แล้ว,risk_passive
รู้สึกเหมือนกำลังหายไปทีละนิด,risk_passive
ไม่รู้จะเดินต่อไปทางไหนดี,risk_passive
ชีวิตมันไม่มีจุดหมายอีกแล้ว,risk_passive
ไม่เหลือความหวังในตัวเอง,risk_passive
อยากหลับยาวๆไม่ต้องรับรู้อะไร,risk_passive
โลกดูเงียบเหงาเกินไป,risk_passive
เหมือนข้างในมันพังตลอดเวลา,risk_passive
ไม่รู้ว่าควรสู้ต่อไปเพื่ออะไร,risk_passive
บางวันก็ไม่อยากมีชีวิตอยู่,risk_passive
แค่ตื่นมาก็เหนื่อยแล้ว,risk_passive
รู้สึกเหมือนเป็นคนเกินมาของโลกนี้,risk_passive
ไม่รู้ว่าตัวเองสำคัญกับใครบ้าง,risk_passive
อยากหายไปแบบเงียบๆ,risk_passive
ไม่อยากใช้ชีวิตต่อไปแบบนี้,risk_passive
ทุกอย่างในหัวมันหนักไปหมด,risk_passive
เหมือนตัวเองไม่มีที่ให้กลับไป,risk_passive
ไม่มีใครเข้าใจความเจ็บนี้,risk_passive
อยากให้ทุกอย่างหายไปพร้อมกัน,risk_passive
ใช้ชีวิตแบบไม่มีความรู้สึก,risk_passive
ไม่รู้ว่าตัวเองกำลังอยู่เพื่ออะไร,risk_passive
หมดแรงจะอธิบายตัวเองแล้ว,risk_passive
รู้สึกเหมือนใจว่างเปล่าตลอดเวลา,risk_passive
ไม่อยากเป็นตัวเองอีกต่อไป,risk_passive
ไม่คิดจะสู้ต่อแล้วตอนนี้,risk_passive
เบื่อที่ต้องฝืนตื่นมาทุกเช้า,risk_passive
ถ้าหลับไปแล้วไม่ตื่นก็คงโอเค,risk_passive
ไม่รู้สึกอยากทำอะไรให้ตัวเองดีขึ้นแล้ว,risk_passive
รู้สึกเหมือนเป็นตัวถ่วงของทุกคน,risk_passive
คิดว่าตัวเองไม่ควรเกิดมาเลย,risk_passive
แค่มีชีวิตอยู่ก็เหนื่อยเกินพอแล้ว,risk_passive
ไม่รู้จะฝืนยิ้มไปทำไมอีก,risk_passive
รู้สึกเหมือนตัวเองเป็นภาระตลอดเวลา,risk_passive
เบื่อการมีตัวตนอยู่ในโลกนี้,risk_passive
ไม่อยากลืมตาตื่นขึ้นมาเจออะไรอีกแล้ว,risk_passive
รู้สึกว่าไม่มีใครจะคิดถึงถ้าเราหายไปจริงๆ,risk_passive
อยากปิดสวิตช์ตัวเองไปเลย,risk_passive
ไม่เห็นเหตุผลจะฝืนมีชีวิตต่อไปอีกแล้ว,risk_passive
รู้สึกเหมือนแบกภาระที่หนักเกินจะไหว อยากวางมันลงตลอดกาล,risk_passive
คิดว่าโลกนี้จะเบาลงถ้าไม่มีเรา,risk_passive
เหนื่อยกับการพยายามมีชีวิตอยู่ทุกวัน,risk_passive
รู้สึกเหมือนตัวเองเป็นส่วนเกินของทุกที่,risk_passive
ไม่อยากรับรู้ความรู้สึกอะไรอีกแล้วตอนนี้,risk_passive
แค่หายใจแต่ละวันก็รู้สึกเหมือนเป็นภาระ,risk_passive
ไม่รู้จะทนอยู่แบบนี้ไปถึงเมื่อไหร่แล้ว,risk_passive
รู้สึกว่าตัวเองไม่มีที่ทางในโลกใบนี้แล้ว,risk_passive
อยากให้ทุกอย่างมันจบลงไปเองแบบเงียบๆ,risk_passive
เหนื่อยกับการต้องแกล้งทำเป็นโอเคทุกวัน,risk_passive
รู้สึกเหมือนตัวเองเป็นแค่ภาระที่คนอื่นต้องแบกรับ,risk_passive
ไม่เหลือแรงจะมีความหวังกับอะไรแล้วจริงๆ,risk_passive
คิดว่าถ้าเราไม่อยู่คงไม่มีใครลำบากเพราะเรา,risk_passive
เบื่อที่ต้องแบกรับความรู้สึกตัวเองอยู่คนเดียว,risk_passive
ไม่อยากเป็นตัวเองอีกแล้วในตอนนี้,risk_passive
รู้สึกเหมือนใจมันหยุดหวังอะไรไปแล้ว,risk_passive
อยากถอนตัวเองออกจากทุกอย่างที่เป็นอยู่,risk_passive
ไม่รู้จะมีชีวิตอยู่ไปเพื่อใครหรืออะไรแล้ว,risk_passive
รู้สึกเหมือนตัวเองใช้พื้นที่ในโลกนี้แบบไม่มีประโยชน์,risk_passive
เหนื่อยกับการเป็นตัวเองในทุกๆวัน,risk_passive
ไม่อยากมีตัวตนอยู่ในความทรงจำของใครอีกแล้ว,risk_passive
รู้สึกเหมือนไม่มีอะไรเหลือให้ยึดไว้อีกแล้วจริงๆ,risk_passive

อยากทำร้ายตัวเอง,risk_self_harm
อยากกรีดแขนตัวเอง,risk_self_harm
ตีตัวเองเพราะโกรธตัวเอง,risk_self_harm
ทำร้ายตัวเองแล้วรู้สึกดีขึ้น,risk_self_harm
อยากเจ็บกายมากกว่าเจ็บใจ,risk_self_harm
ชอบทำร้ายตัวเองเวลารู้สึกแย่,risk_self_harm
อยากตีหัวตัวเองแรงๆ,risk_self_harm
เผลอข่วนตัวเองจนเป็นแผล,risk_self_harm
อยากลงโทษตัวเอง,risk_self_harm
รู้สึกอยากทำร้ายร่างกายตัวเอง,risk_self_harm
กรีดแขนตัวเองอีกแล้ว,risk_self_harm
ชกกำแพงจนมือเจ็บ,risk_self_harm
ตีตัวเองตอนอารมณ์เสีย,risk_self_harm
ทำร้ายตัวเองเพราะเกลียดตัวเอง,risk_self_harm
อยากให้ตัวเองเจ็บ,risk_self_harm
เจ็บตัวดีกว่าเจ็บใจ,risk_self_harm
ชอบบีบแขนตัวเองแรงๆ,risk_self_harm
กัดแขนตัวเองเวลาหงุดหงิด,risk_self_harm
อยากเอาอะไรคมๆมากรีดตัวเอง,risk_self_harm
เผลอทำร้ายตัวเองเวลาเครียด,risk_self_harm
บางครั้งก็อยากให้ตัวเองมีแผล,risk_self_harm
ชอบเกาตัวเองจนเลือดออก,risk_self_harm
อยากระบายความเจ็บด้วยการทำร้ายตัวเอง,risk_self_harm
ทำร้ายตัวเองเพื่อให้หยุดคิด,risk_self_harm
รู้สึกดีขึ้นเวลาตัวเองเจ็บ,risk_self_harm
อยากทุบหัวตัวเอง,risk_self_harm
เคยเอาเล็บจิกแขนตัวเองแรงๆ,risk_self_harm
บางทีอยากทำให้ตัวเองเจ็บเพื่อระบาย,risk_self_harm
ชอบกดแผลตัวเองซ้ำๆ,risk_self_harm
ตีขาตัวเองแรงๆเวลาหงุดหงิด,risk_self_harm
อยากใช้ความเจ็บกลบความรู้สึก,risk_self_harm
ทำร้ายตัวเองจนชินแล้ว,risk_self_harm
บางครั้งควบคุมตัวเองไม่อยู่,risk_self_harm
อยากเห็นเลือดตัวเอง,risk_self_harm
รู้สึกอยากกรีดตัวเองเวลาร้องไห้,risk_self_harm
เผลอหยิกตัวเองแรงเกินไป,risk_self_harm
อยากเอาความเจ็บออกจากใจ,risk_self_harm
ทำร้ายตัวเองเพราะรู้สึกผิด,risk_self_harm
อยากให้ตัวเองเจ็บแทนความรู้สึกข้างใน,risk_self_harm
เวลารู้สึกแย่มักจะทำร้ายตัวเอง,risk_self_harm
รู้สึกสงบหลังจากทำร้ายตัวเอง,risk_self_harm
อยากทำให้ตัวเองมีรอยแผล,risk_self_harm
กรีดผิวตัวเองจนแดง,risk_self_harm
ชอบบีบตัวเองจนเป็นรอย,risk_self_harm
เผลอชกตัวเองตอนโมโห,risk_self_harm
อยากทำร้ายตัวเองให้หายอึดอัด,risk_self_harm
บางครั้งก็เกลียดร่างกายตัวเอง,risk_self_harm
อยากทำให้ตัวเองรู้สึกอะไรสักอย่าง,risk_self_harm
ชอบทำให้ตัวเองเจ็บเวลาคิดมาก,risk_self_harm
บางทีอยากทำลายตัวเอง,risk_self_harm
เผลอขีดแขนตัวเองเล่นๆ,risk_self_harm
อยากใช้มีดกรีดตัวเอง,risk_self_harm
รู้สึกควบคุมอารมณ์ไม่ได้จนทำร้ายตัวเอง,risk_self_harm
ทำร้ายตัวเองแล้วโล่งขึ้น,risk_self_harm
บางครั้งก็อยากให้ตัวเองมีรอยแผลเต็มตัว,risk_self_harm
เอาหัวโขกกำแพงตอนเครียด,risk_self_harm
อยากตีตัวเองให้แรงๆ,risk_self_harm
ชอบเอาเล็บข่วนตัวเอง,risk_self_harm
รู้สึกอยากลงโทษตัวเองทุกวัน,risk_self_harm
เผลอทำร้ายตัวเองตอนร้องไห้,risk_self_harm
อยากให้ความเจ็บทางกายแทนที่ความเจ็บใจ,risk_self_harm
บางทีความเจ็บก็ทำให้รู้สึกยังมีตัวตน,risk_self_harm
อยากทำร้ายตัวเองจนหยุดคิดได้,risk_self_harm
รู้สึกผิดจนอยากทำร้ายตัวเอง,risk_self_harm
เวลาคิดมากจะเริ่มอยากกรีดแขน,risk_self_harm
บางวันก็อยากตีตัวเองซ้ำๆ,risk_self_harm
ชอบทำให้ตัวเองช้ำ,risk_self_harm
รู้สึกอยากเอาอะไรฟาดตัวเอง,risk_self_harm
ทำร้ายตัวเองเพื่อระบายอารมณ์,risk_self_harm
อยากทำให้ตัวเองเจ็บเพื่อชดใช้,risk_self_harm
บางครั้งก็อยากทำให้ตัวเองเลือดออก,risk_self_harm
อยากกดตัวเองให้เจ็บ,risk_self_harm
รู้สึกอยากทำร้ายตัวเองทุกครั้งที่ผิดหวัง,risk_self_harm
อยากให้แผลข้างนอกเจ็บกว่าแผลข้างใน,risk_self_harm
ชอบจิกผิวตัวเองแรงๆ,risk_self_harm
บางทีแค่เห็นแผลก็รู้สึกโล่ง,risk_self_harm
อยากระบายทุกอย่างด้วยความเจ็บ,risk_self_harm
เผลอทำร้ายตัวเองโดยไม่รู้ตัว,risk_self_harm
ทำร้ายตัวเองเพราะไม่รู้จะระบายยังไง,risk_self_harm
อยากเอาความรู้สึกแย่ออกไปจากตัว,risk_self_harm
บางครั้งก็อยากทำลายร่างกายตัวเอง,risk_self_harm
รู้สึกโกรธตัวเองจนอยากตีตัวเอง,risk_self_harm
เวลาร้องไห้มักอยากทำร้ายตัวเอง,risk_self_harm
ชอบบีบแผลตัวเอง,risk_self_harm
อยากให้ตัวเองรู้สึกเจ็บจริงๆ,risk_self_harm
บางทีการเจ็บตัวทำให้ใจสงบ,risk_self_harm
อยากทิ้งรอยแผลไว้บนตัวเอง,risk_self_harm
ทำร้ายตัวเองจนเป็นนิสัย,risk_self_harm
รู้สึกอยากข่วนตัวเองแรงๆ,risk_self_harm
บางครั้งก็อยากให้ตัวเองทรมาน,risk_self_harm
ชอบเอาของแข็งกระแทกตัวเอง,risk_self_harm
อยากลงโทษตัวเองที่ทำทุกอย่างพัง,risk_self_harm
บางทีความเจ็บกายก็ง่ายกว่าความเจ็บใจ,risk_self_harm
รู้สึกอยากใช้ของมีคมกับตัวเอง,risk_self_harm
เวลาหนักใจจะเริ่มทำร้ายตัวเอง,risk_self_harm
บางวันก็หยุดความคิดทำร้ายตัวเองไม่ได้,risk_self_harm
เผลอทำตัวเองเจ็บเพราะอารมณ์พุ่ง,risk_self_harm
อยากให้ตัวเองมีรอยช้ำเต็มไปหมด,risk_self_harm
รู้สึกว่าตัวเองสมควรเจ็บ,risk_self_harm
อยากเอาความเจ็บออกมาทางร่างกาย,risk_self_harm
บางครั้งก็อยากกรีดตัวเองลึกๆ,risk_self_harm
รู้สึกอยากทำร้ายตัวเองเวลาโดนด่า,risk_self_harm
ทำร้ายตัวเองเพราะรับอารมณ์ไม่ไหว,risk_self_harm
ชอบใช้ความเจ็บเพื่อหยุดความคิด,risk_self_harm
อยากข่วนตัวเองจนเป็นแผล,risk_self_harm
บางทีอยากทำให้ตัวเองช้ำไปทั้งตัว,risk_self_harm
เวลารู้สึกแย่มากๆจะเริ่มอยากทำร้ายตัวเอง,risk_self_harm
รู้สึกเหมือนตัวเองสมควรโดนทำร้าย,risk_self_harm
อยากระบายความโกรธใส่ตัวเอง,risk_self_harm
เผลอเอาเล็บจิกตัวเองจนเจ็บ,risk_self_harm
บางครั้งก็อยากตีตัวเองให้สลบ,risk_self_harm
ชอบกรีดผิวเล่นเวลาคิดมาก,risk_self_harm
อยากให้ตัวเองมีแผลเพื่อระบายความรู้สึก,risk_self_harm
ทำร้ายตัวเองเพราะไม่รู้จะจัดการอารมณ์ยังไง,risk_self_harm
รู้สึกอยากทำร้ายตัวเองทุกครั้งที่รู้สึกผิด,risk_self_harm
เผลอกัดริมฝีปากตัวเองจนเลือดออกตอนเครียด,risk_self_harm
อยากใช้ความเจ็บปวดทางกายมากลบความรู้สึกในใจ,risk_self_harm
ชอบดึงผมตัวเองแรงๆเวลาหงุดหงิดมาก,risk_self_harm
รู้สึกโล่งขึ้นทุกครั้งที่ทำให้ตัวเองเจ็บ,risk_self_harm
อยากทำร้ายตัวเองให้สาสมกับความรู้สึกผิด,risk_self_harm
เผลอเอาหัวโขกโต๊ะแรงๆตอนคิดมาก,risk_self_harm
บางทีก็คิดอยากทำร้ายตัวเองเพื่อให้รู้สึกว่ายังมีชีวิตอยู่,risk_self_harm
ชอบเอามือทุบผนังจนมือช้ำ,risk_self_harm
รู้สึกสงบลงทุกครั้งที่เห็นตัวเองมีบาดแผล,risk_self_harm
อยากทำร้ายตัวเองเวลาไม่มีใครเข้าใจเรา,risk_self_harm
เผลอข่วนแขนตัวเองแรงจนเป็นรอย,risk_self_harm
รู้สึกอยากลงโทษตัวเองด้วยความเจ็บทุกครั้งที่ทำพลาด,risk_self_harm
ชอบใช้เล็บกดลงบนผิวตัวเองแรงๆ,risk_self_harm
อยากทำให้ตัวเองรู้สึกเจ็บเพื่อหยุดคิดเรื่องแย่ๆ,risk_self_harm

อยากฆ่าตัวตายจังเลย,risk_suicidal_ideation
คิดเรื่องฆ่าตัวตายทุกวัน,risk_suicidal_ideation
อยากฆ่าตัวตายตอนนี้เลย,risk_suicidal_ideation
มีความคิดอยากฆ่าตัวตาย,risk_suicidal_ideation
คิดอยากฆ่าตัวตายตลอดเวลา,risk_suicidal_ideation
อยากจบชีวิตตัวเองด้วยมือตัวเอง,risk_suicidal_ideation
คิดหาทางฆ่าตัวตายอยู่,risk_suicidal_ideation
อยากทำร้ายชีวิตตัวเองให้จบๆไป,risk_suicidal_ideation
คิดเรื่องการตายของตัวเองบ่อยมาก,risk_suicidal_ideation
อยากจบชีวิตตัวเองจริงๆ,risk_suicidal_ideation
คิดว่าถ้าตายไปคงจะดีกว่านี้,risk_suicidal_ideation
อยากใช้ชีวิตตัวเองให้จบลงตอนนี้,risk_suicidal_ideation
มีความคิดอยากตายผุดขึ้นมาตลอด,risk_suicidal_ideation
คิดเรื่องปลิดชีวิตตัวเอง,risk_suicidal_ideation
อยากปลิดชีวิตตัวเองให้พ้นๆไป,risk_suicidal_ideation
รู้สึกอยากฆ่าตัวตายทุกคืน,risk_suicidal_ideation
คิดจะทำร้ายตัวเองให้ตาย,risk_suicidal_ideation
อยากตายให้พ้นจากความเจ็บปวดนี้,risk_suicidal_ideation
คิดถึงการฆ่าตัวตายอยู่ในหัวตลอดเวลา,risk_suicidal_ideation
อยากให้ชีวิตตัวเองจบลงด้วยน้ำมือตัวเอง,risk_suicidal_ideation
คิดว่าการฆ่าตัวตายเป็นทางออกเดียว,risk_suicidal_ideation
มีความคิดทำร้ายตัวเองให้ถึงตาย,risk_suicidal_ideation
อยากฆ่าตัวตายแต่ยังไม่รู้จะทำยังไง,risk_suicidal_ideation
คิดเรื่องการจบชีวิตตัวเองซ้ำๆ,risk_suicidal_ideation
รู้สึกอยากปลิดชีวิตตัวเองตอนนี้เลย,risk_suicidal_ideation
คิดฆ่าตัวตายขึ้นมาเฉยๆทั้งที่ไม่มีเรื่องอะไร,risk_suicidal_ideation
อยากตายด้วยน้ำมือตัวเอง,risk_suicidal_ideation
คิดว่าตัวเองน่าจะฆ่าตัวตายไปแล้ว,risk_suicidal_ideation
มีความคิดแว่บเข้ามาว่าอยากฆ่าตัวตาย,risk_suicidal_ideation
อยากจบชีวิตตัวเองให้ได้สักที,risk_suicidal_ideation
คิดเรื่องการฆ่าตัวตายมาหลายวันแล้ว,risk_suicidal_ideation
รู้สึกอยากทำร้ายตัวเองจนตาย,risk_suicidal_ideation
คิดว่าอยากหายไปด้วยการฆ่าตัวตาย,risk_suicidal_ideation
อยากรู้ว่าถ้าฆ่าตัวตายไปแล้วจะเป็นยังไง,risk_suicidal_ideation
มีความคิดอยากจบชีวิตตัวเองผุดขึ้นมาเรื่อยๆ,risk_suicidal_ideation
คิดเรื่องความตายของตัวเองตลอดเวลา,risk_suicidal_ideation
อยากทำให้ตัวเองตายไปเลย,risk_suicidal_ideation
รู้สึกอยากฆ่าตัวตายจนน่ากลัว,risk_suicidal_ideation
คิดว่าถ้าไม่มีตัวเองในโลกนี้คงดีกว่า อยากลงมือทำเอง,risk_suicidal_ideation
อยากยุติชีวิตตัวเองด้วยตัวเอง,risk_suicidal_ideation
มีความคิดฆ่าตัวตายผุดมาตอนอยู่คนเดียว,risk_suicidal_ideation
คิดเรื่องฆ่าตัวตายจนควบคุมความคิดไม่ได้,risk_suicidal_ideation
อยากตายจริงๆนะตอนนี้,risk_suicidal_ideation
รู้สึกอยากทำร้ายชีวิตตัวเองให้จบสิ้น,risk_suicidal_ideation
คิดฆ่าตัวตายทุกครั้งที่รู้สึกแย่มากๆ,risk_suicidal_ideation
อยากหาทางจบชีวิตตัวเองให้ได้,risk_suicidal_ideation
มีความคิดอยากตายแบบจริงจังมากขึ้นเรื่อยๆ,risk_suicidal_ideation
อยากตาย,risk_suicidal_ideation
คิดจะฆ่าตัวตาย,risk_suicidal_ideation
อยากจบชีวิต,risk_suicidal_ideation
อยากจบความทรมานนี้ลงด้วยมือตัวเอง,risk_suicidal_ideation
ความตายคือทางออกเดียว,risk_suicidal_ideation
อยากให้รถชนไปซะ,risk_suicidal_ideation
ถ้าคืนนี้เป็นคืนสุดท้ายก็คงดี,risk_suicidal_ideation
อยากหลุดพ้นจากนรกบนดินนี้,risk_suicidal_ideation
พยายามฝืนแล้วแต่มันสุดทางจริงๆ,risk_suicidal_ideation
ไม่รู้จะอยู่ต่อไปทำไม,risk_suicidal_ideation
ชีวิตไม่มีค่าอีกแล้ว,risk_suicidal_ideation
อยากหายไปตลอดกาล,risk_suicidal_ideation
ไม่อยากมีชีวิตต่อแล้ว,risk_suicidal_ideation
อยากจบทุกอย่างด้วยตัวเอง,risk_suicidal_ideation
เหนื่อยเกินกว่าจะมีชีวิตอยู่,risk_suicidal_ideation
ไม่มีเหตุผลให้ต้องอยู่ต่อ,risk_suicidal_ideation
รู้สึกว่าตายไปคงดีกว่า,risk_suicidal_ideation
อยากให้ทุกอย่างจบลงสักที,risk_suicidal_ideation
ไม่เห็นอนาคตของตัวเองเลย,risk_suicidal_ideation
ชีวิตนี้มันไม่มีทางออก,risk_suicidal_ideation
ไม่อยากตื่นมาอีกแล้ว,risk_suicidal_ideation
เหมือนชีวิตหมดความหมาย,risk_suicidal_ideation
อยากหายไปจากโลกนี้จริงๆ,risk_suicidal_ideation
อยู่ไปก็ไม่มีประโยชน์,risk_suicidal_ideation
ไม่อยากฝืนอีกต่อไปแล้ว,risk_suicidal_ideation
รู้สึกว่าตัวเองเป็นภาระ,risk_suicidal_ideation
บางทีการตายอาจสบายกว่า,risk_suicidal_ideation
อยากให้หัวใจหยุดทำงานไปเลย,risk_suicidal_ideation
เหนื่อยกับชีวิตจนไม่อยากอยู่,risk_suicidal_ideation
ทุกวันเหมือนการทรมาน,risk_suicidal_ideation
ไม่รู้จะอดทนไปเพื่ออะไร,risk_suicidal_ideation
ชีวิตมันหนักเกินรับไหว,risk_suicidal_ideation
อยากจบทุกอย่างคืนนี้,risk_suicidal_ideation
บางทีเราควรหายไป,risk_suicidal_ideation
ไม่มีใครคงเสียใจถ้าเราตาย,risk_suicidal_ideation
รู้สึกเหมือนตัวเองไม่ควรมีชีวิตอยู่,risk_suicidal_ideation
ความเจ็บปวดนี้ไม่มีวันหาย,risk_suicidal_ideation
ไม่รู้ว่าจะมีชีวิตต่อไปยังไง,risk_suicidal_ideation
ทุกอย่างมันพังหมดแล้ว,risk_suicidal_ideation
อยากให้ทุกอย่างดับไปพร้อมกัน,risk_suicidal_ideation
โลกนี้คงน่าอยู่กว่าถ้าไม่มีเรา,risk_suicidal_ideation
ไม่เห็นเหตุผลที่จะสู้ต่อ,risk_suicidal_ideation
ความตายดูสงบกว่าชีวิตตอนนี้,risk_suicidal_ideation
รู้สึกเหมือนตัวเองหมดค่า,risk_suicidal_ideation
ชีวิตไม่มีอะไรให้น่าหวังอีก,risk_suicidal_ideation
รู้สึกเหมือนตัวเองพังเกินเยียวยา,risk_suicidal_ideation
อยากหยุดทุกความรู้สึกตรงนี้,risk_suicidal_ideation
ทุกอย่างดูมืดไปหมด,risk_suicidal_ideation
อยู่ต่อไปก็มีแต่เจ็บ,risk_suicidal_ideation
อยากให้ชีวิตจบลงเร็วๆ,risk_suicidal_ideation
ไม่มีแรงจะเริ่มต้นใหม่,risk_suicidal_ideation
ไม่รู้ว่าความสุขคืออะไรแล้ว,risk_suicidal_ideation
ทุกคืนคิดว่าอยากหายไป,risk_suicidal_ideation
บางวันก็อยากให้ตัวเองไม่ตื่น,risk_suicidal_ideation
รู้สึกว่าชีวิตไม่มีคุณค่า,risk_suicidal_ideation
อยากหลับไปตลอดกาล,risk_suicidal_ideation
ชีวิตมันเหนื่อยเกินไป,risk_suicidal_ideation
ไม่อยากมีวันพรุ่งนี้,risk_suicidal_ideation
บางทีโลกคงไม่ต้องการเรา,risk_suicidal_ideation
ไม่มีที่ให้เราอยู่บนโลกนี้,risk_suicidal_ideation
ไม่รู้ว่าจะอยู่ไปเพื่อใคร,risk_suicidal_ideation
อยากให้ทุกอย่างเงียบลง,risk_suicidal_ideation
ข้างในมันแตกสลายหมดแล้ว,risk_suicidal_ideation
ไม่เหลือความหวังอีกแล้ว,risk_suicidal_ideation
ไม่มีใครคงสังเกตถ้าเราหายไป,risk_suicidal_ideation
รู้สึกเหมือนเป็นส่วนเกินของโลก,risk_suicidal_ideation
ความเจ็บนี้มันไม่สิ้นสุด,risk_suicidal_ideation
ไม่รู้ว่าตัวเองมีชีวิตไปทำไม,risk_suicidal_ideation
ชีวิตมันไม่มีทางดีขึ้นแล้ว,risk_suicidal_ideation
อยากให้ทุกอย่างจบตรงนี้,risk_suicidal_ideation
เหมือนตัวเองไร้ตัวตน,risk_suicidal_ideation
ไม่เหลือแรงแม้แต่จะร้องไห้,risk_suicidal_ideation
รู้สึกโดดเดี่ยวจนอยากหายไป,risk_suicidal_ideation
ไม่มีใครคงเข้าใจว่าเหนื่อยแค่ไหน,risk_suicidal_ideation
ทุกอย่างมันเกินรับไหวแล้ว,risk_suicidal_ideation
ชีวิตนี้คงไม่มีอะไรดีขึ้น,risk_suicidal_ideation
ไม่รู้ว่าควรสู้ต่อไปทำไม,risk_suicidal_ideation
อยากให้ความเจ็บปวดนี้หายไปสักที,risk_suicidal_ideation
เหมือนกำลังหายไปทีละนิด,risk_suicidal_ideation
ไม่รู้ว่าควรอยู่ต่อไหม,risk_suicidal_ideation
ไม่เห็นแสงสว่างในชีวิตเลย,risk_suicidal_ideation
ทุกวันเหมือนแค่รอให้มันจบ,risk_suicidal_ideation
บางครั้งก็คิดว่าตายไปคงสงบกว่า,risk_suicidal_ideation
ชีวิตมันว่างเปล่าจนไม่อยากอยู่,risk_suicidal_ideation
ไม่รู้ว่าตัวเองสำคัญกับใครไหม,risk_suicidal_ideation
รู้สึกว่าตัวเองเป็นคนล้มเหลว,risk_suicidal_ideation
เหมือนไม่มีที่ยืนสำหรับเรา,risk_suicidal_ideation
ไม่อยากรับความเจ็บปวดนี้อีกแล้ว,risk_suicidal_ideation
อยากให้ตัวเองหายไปเฉยๆ,risk_suicidal_ideation
ไม่มีอะไรทำให้รู้สึกอยากมีชีวิตอยู่,risk_suicidal_ideation
ไม่เหลือเหตุผลที่จะยิ้มแล้ว,risk_suicidal_ideation
เหมือนโลกทั้งใบกำลังผลักเราออกไป,risk_suicidal_ideation
ชีวิตตอนนี้เหมือนติดอยู่ในความมืด,risk_suicidal_ideation
ไม่อยากอยู่กับตัวเองอีกต่อไป,risk_suicidal_ideation
อยากให้ทุกอย่างเงียบและจบลง,risk_suicidal_ideation

เราคิดวันที่จะลงมือไว้แล้วในใจ,risk_suicide_plan
เตรียมทุกอย่างไว้เผื่อคืนพรุ่งนี้แล้ว,risk_suicide_plan
เราลองซ้อมในหัวไว้หลายรอบแล้วว่าจะทำยังไง,risk_suicide_plan
วางแผนไว้ว่าจะทำตอนที่บ้านไม่มีใคร,risk_suicide_plan
เราเลือกวิธีที่คิดว่าจะไม่เจ็บมากไว้แล้ว,risk_suicide_plan
เตรียมทุกอย่างไว้อย่างละเอียดในหัวแล้ว,risk_suicide_plan
เราตั้งเวลาไว้ในใจว่าจะเป็นคืนไหน,risk_suicide_plan
คิดหาสถานที่ที่เหมาะจะทำมาหลายวันแล้ว,risk_suicide_plan
เราซ้อมเขียนข้อความลาไว้ในใจหลายรอบแล้ว,risk_suicide_plan
วางแผนไว้ว่าจะไม่ให้ใครรู้ล่วงหน้า,risk_suicide_plan
เราคิดเรื่องนี้อย่างเป็นขั้นเป็นตอนมาหลายวันแล้ว,risk_suicide_plan
เตรียมทุกอย่างที่จำเป็นไว้ในกระเป๋าแล้ว,risk_suicide_plan
เราเลือกช่วงเวลาที่คิดว่าเหมาะสมที่สุดไว้แล้ว,risk_suicide_plan
วางแผนทุกขั้นตอนไว้ในหัวจนแทบจำได้ขึ้นใจ,risk_suicide_plan
ซื้อเชือกมาเตรียมไว้แล้ว,risk_suicide_plan
เตรียมทุกอย่างไว้หมดแล้ว,risk_suicide_plan
เขียนจดหมายลาไว้แล้ว,risk_suicide_plan
กินยาเข้าไปเยอะมาก,risk_suicide_plan
ยืนอยู่บนดาดฟ้าแล้ว,risk_suicide_plan
ไม่ต้องตามหาเรา,risk_suicide_plan
ฝากดูแลคนข้างหลังแทนเราด้วยนะ,risk_suicide_plan
ขอบคุณทุกคนสำหรับที่ผ่านมา ลาก่อน,risk_suicide_plan
วางแผนไว้หมดแล้วว่าจะทำยังไง,risk_suicide_plan
คืนนี้คงถึงเวลาของเราแล้ว,risk_suicide_plan
เก็บของสำคัญเรียบร้อยแล้ว,risk_suicide_plan
เตรียมบอกลาทุกคนไว้แล้ว,risk_suicide_plan
คิดวิธีไว้เรียบร้อยแล้ว,risk_suicide_plan
เลือกสถานที่ไว้แล้ว,risk_suicide_plan
หาวิธีจบชีวิตตัวเองอยู่,risk_suicide_plan
ซ่อนยาไว้ครบแล้ว,risk_suicide_plan
เขียนข้อความสุดท้ายไว้แล้ว,risk_suicide_plan
จัดการเรื่องต่างๆไว้หมดแล้ว,risk_suicide_plan
เตรียมตัวมาหลายวันแล้ว,risk_suicide_plan
คิดไว้แล้วว่าจะทำคืนนี้,risk_suicide_plan
ทุกอย่างพร้อมแล้ว เหลือแค่ลงมือ,risk_suicide_plan
กำลังจะไปในที่ที่ไม่มีใครหาเจอ,risk_suicide_plan
เก็บเงินและเอกสารไว้ให้หมดแล้ว,risk_suicide_plan
เคลียร์ทุกอย่างก่อนจะไป,risk_suicide_plan
เขียนพินัยกรรมไว้แล้ว,risk_suicide_plan
เตรียมอำลาทุกคนไว้ในข้อความแล้ว,risk_suicide_plan
ไม่ต้องเป็นห่วง เราตัดสินใจแล้ว,risk_suicide_plan
ตั้งใจว่าจะจบมันคืนนี้,risk_suicide_plan
ซื้อของที่ต้องใช้มาแล้ว,risk_suicide_plan
คิดเรื่องนี้มานานและตัดสินใจแล้ว,risk_suicide_plan
ไม่มีอะไรเปลี่ยนใจเราได้แล้ว,risk_suicide_plan
เลือกวันไว้แล้ว,risk_suicide_plan
เตรียมห้องไว้เรียบร้อยแล้ว,risk_suicide_plan
เขียนโน้ตลาสุดท้ายไว้แล้ว,risk_suicide_plan
คืนนี้อาจเป็นคืนสุดท้ายของเรา,risk_suicide_plan
ฝากของบางอย่างไว้ให้คนอื่นแล้ว,risk_suicide_plan
กำลังจัดการเรื่องสุดท้ายก่อนหายไป,risk_suicide_plan
ตัดสินใจแล้วว่าจะไม่อยู่ต่อ,risk_suicide_plan
วางแผนมาหลายสัปดาห์แล้ว,risk_suicide_plan
เตรียมสถานที่ไว้แล้ว,risk_suicide_plan
ลบทุกอย่างในมือถือหมดแล้ว,risk_suicide_plan
คืนของให้ทุกคนเรียบร้อยแล้ว,risk_suicide_plan
กำลังบอกลาทีละคน,risk_suicide_plan
ไม่คิดจะเปลี่ยนใจแล้ว,risk_suicide_plan
จัดการบัญชีต่างๆไว้หมดแล้ว,risk_suicide_plan
เก็บของใช้ส่วนตัวเรียบร้อยแล้ว,risk_suicide_plan
เคลียร์ห้องไว้หมดแล้ว,risk_suicide_plan
เตรียมตัวหายไปจากทุกคนแล้ว,risk_suicide_plan
หาวิธีที่ไม่ทรมานอยู่,risk_suicide_plan
ดูวิธีจบชีวิตมาหลายวันแล้ว,risk_suicide_plan
เขียนเหตุผลไว้หมดแล้ว,risk_suicide_plan
เตรียมข้อความส่งครั้งสุดท้ายไว้แล้ว,risk_suicide_plan
ไม่ต้องพยายามห้ามเรา,risk_suicide_plan
เตรียมใจมานานแล้ว,risk_suicide_plan
ทุกอย่างกำลังจะจบแล้ว,risk_suicide_plan
กำลังรอเวลาที่เหมาะสม,risk_suicide_plan
เลือกวิธีไว้แล้ว,risk_suicide_plan
ตั้งใจจะหายไปคืนนี้,risk_suicide_plan
เก็บข้าวของเรียบร้อยแล้ว,risk_suicide_plan
ไม่ต้องโทรหาเราแล้ว,risk_suicide_plan
บอกลาทุกคนในใจแล้ว,risk_suicide_plan
เตรียมสิ่งที่ต้องใช้ครบแล้ว,risk_suicide_plan
กำลังจะไปจากที่นี่ตลอดกาล,risk_suicide_plan
คิดเรื่องนี้อย่างจริงจังมานาน,risk_suicide_plan
วางทุกอย่างไว้เป็นระเบียบแล้ว,risk_suicide_plan
พร้อมจะจบทุกอย่างแล้ว,risk_suicide_plan
ไม่มีอะไรค้างคาแล้ว,risk_suicide_plan
จัดการชีวิตตัวเองก่อนจากไปแล้ว,risk_suicide_plan
เก็บความทรงจำทุกอย่างไว้หมดแล้ว,risk_suicide_plan
เลือกเวลาที่ไม่มีใครอยู่แล้ว,risk_suicide_plan
หาที่เงียบๆไว้แล้ว,risk_suicide_plan
เตรียมตัวเงียบๆมาสักพักแล้ว,risk_suicide_plan
ไม่คิดว่าจะอยู่ถึงพรุ่งนี้,risk_suicide_plan
ตัดสินใจเด็ดขาดแล้ว,risk_suicide_plan
เขียนสิ่งที่อยากพูดครั้งสุดท้ายไว้แล้ว,risk_suicide_plan
ทำใจไว้เรียบร้อยแล้ว,risk_suicide_plan
จัดการเรื่องเงินไว้หมดแล้ว,risk_suicide_plan
วางแผนไม่ให้ใครรู้ไว้แล้ว,risk_suicide_plan
เลือกที่ที่ไม่มีใครช่วยทันไว้แล้ว,risk_suicide_plan
กำลังจะปิดทุกอย่างแล้ว,risk_suicide_plan
เตรียมตัวจะหายไปเงียบๆ,risk_suicide_plan
คืนนี้น่าจะเป็นครั้งสุดท้าย,risk_suicide_plan
ทำทุกอย่างที่อยากทำครบแล้ว,risk_suicide_plan
เตรียมอำลาโลกนี้แล้ว,risk_suicide_plan
เขียนข้อความฝากไว้หมดแล้ว,risk_suicide_plan
ไม่ต้องรอเราอีก,risk_suicide_plan
เคลียร์เรื่องสำคัญเสร็จแล้ว,risk_suicide_plan
พร้อมหายไปจากโลกนี้แล้ว,risk_suicide_plan
เลือกจุดที่จะไปไว้แล้ว,risk_suicide_plan
กำลังจะจบทุกอย่างด้วยตัวเอง,risk_suicide_plan
เก็บของรักไว้ให้คนอื่นแล้ว,risk_suicide_plan
คิดแผนนี้ไว้ละเอียดแล้ว,risk_suicide_plan
ไม่เหลืออะไรให้ลังเลแล้ว,risk_suicide_plan
จัดการทุกอย่างก่อนจะไปแล้ว,risk_suicide_plan
วางแผนไว้ว่าจะไม่มีใครช่วยทัน,risk_suicide_plan
เก็บเรื่องนี้เป็นความลับมานาน,risk_suicide_plan
พร้อมจะจากไปแล้วจริงๆ,risk_suicide_plan
เลือกเส้นทางสุดท้ายไว้แล้ว,risk_suicide_plan
ไม่คิดว่าจะกลับมาอีก,risk_suicide_plan
ตัดสินใจเรื่องนี้เด็ดขาดแล้ว,risk_suicide_plan
กำลังเตรียมตัวสำหรับคืนนี้,risk_suicide_plan
ทุกอย่างถูกจัดไว้หมดแล้ว,risk_suicide_plan
เหลือแค่เวลาที่จะลงมือ,risk_suicide_plan
กำลังจะไปในที่ที่ไม่มีวันกลับ,risk_suicide_plan
เขียนคำลาทั้งหมดไว้แล้ว,risk_suicide_plan
จัดการทุกอย่างแทบเสร็จแล้ว,risk_suicide_plan
คืนนี้อาจไม่มีเราแล้ว,risk_suicide_plan
เตรียมสิ่งสุดท้ายไว้แล้ว,risk_suicide_plan
ไม่ต้องพยายามช่วยเราแล้ว,risk_suicide_plan
พร้อมจากไปแบบเงียบๆแล้ว,risk_suicide_plan
ไม่มีอะไรต้องห่วงอีกแล้ว,risk_suicide_plan
วางแผนจบชีวิตไว้เรียบร้อย,risk_suicide_plan
คิดเรื่องนี้จนแน่ใจแล้ว,risk_suicide_plan
เลือกทุกอย่างไว้หมดแล้ว,risk_suicide_plan
เตรียมตัวไว้พร้อมแล้ว,risk_suicide_plan

ตอนนี้มือเราสั่นมากก่อนจะลงมือ,risk_immediate_danger
เราอยู่หน้าต่างชั้นบนสุดตอนนี้,risk_immediate_danger
กำลังนับถอยหลังในใจอยู่ตอนนี้,risk_immediate_danger
ทุกอย่างพร้อมแล้วแค่รอเวลาไม่กี่นาทีนี้,risk_immediate_danger
เราหายใจแรงมากตอนนี้ก่อนจะลงมือ,risk_immediate_danger
ข้อความนี้อาจเป็นข้อความสุดท้ายจากเรา,risk_immediate_danger
เราอยู่ตรงจุดที่ตั้งใจไว้แล้วตอนนี้เลย,risk_immediate_danger
เราไม่สามารถหันหลังกลับได้อีกแล้วตอนนี้,risk_immediate_danger
อีกไม่กี่วินาทีทุกอย่างจะจบลงแล้ว,risk_immediate_danger
เราตัดสินใจล็อคประตูไว้แล้วตอนนี้,risk_immediate_danger
ทุกอย่างเงียบสงบแล้วก่อนที่เราจะลงมือ,risk_immediate_danger
เราวางมือถือไว้ตรงนี้เป็นครั้งสุดท้าย,risk_immediate_danger
ตอนนี้ไม่มีใครรู้ว่าเราอยู่ตรงนี้เลย,risk_immediate_danger
เราหยุดร้องไห้แล้วตอนนี้เพราะพร้อมแล้วจริงๆ,risk_immediate_danger
กินยาเข้าไปเยอะมาก หวังว่าจะไม่ตื่น,risk_immediate_danger
ยืนอยู่บนดาดฟ้าแล้วรู้สึกอยากทิ้งตัวลงไป,risk_immediate_danger
คืนนี้คงเป็นคืนสุดท้าย,risk_immediate_danger
กำลังจะทำมันแล้ว,risk_immediate_danger
ลาก่อนทุกคน,risk_immediate_danger
ตอนนี้ไม่ไหวแล้วจริงๆ,risk_immediate_danger
กำลังจะกระโดดแล้ว,risk_immediate_danger
ช่วยไม่ทันแล้ว,risk_immediate_danger
เราเลือกแล้วว่าจะจบมันตอนนี้,risk_immediate_danger
นี่อาจเป็นข้อความสุดท้าย,risk_immediate_danger
ไม่ต้องห้ามเราแล้ว,risk_immediate_danger
ตอนนี้อยู่บนสะพาน,risk_immediate_danger
ทุกอย่างกำลังจะจบลง,risk_immediate_danger
เรากินยาไปหมดแล้ว,risk_immediate_danger
กำลังจะหายไปตลอดกาล,risk_immediate_danger
บอกลาทุกคนตรงนี้เลย,risk_immediate_danger
อีกไม่นานทุกอย่างจะเงียบ,risk_immediate_danger
ตอนนี้อยู่คนเดียวและพร้อมแล้ว,risk_immediate_danger
เราตัดสินใจแล้วจริงๆ,risk_immediate_danger
ไม่มีอะไรหยุดเราได้แล้ว,risk_immediate_danger
กำลังจะทำตอนนี้เลย,risk_immediate_danger
ทุกอย่างจบคืนนี้,risk_immediate_danger
ไม่อยากอยู่ต่ออีกนาทีแล้ว,risk_immediate_danger
ตอนนี้ถือมีดอยู่,risk_immediate_danger
เราไม่ไหวแล้วจริงๆ,risk_immediate_danger
กำลังจะกินยาทั้งหมด,risk_immediate_danger
ไม่ต้องโทรมาแล้ว,risk_immediate_danger
ตอนนี้อยู่ที่สูงมาก,risk_immediate_danger
อีกเดี๋ยวทุกอย่างก็จบ,risk_immediate_danger
เราเลือกทางนี้แล้ว,risk_immediate_danger
กำลังจะไปจากโลกนี้,risk_immediate_danger
ไม่มีใครช่วยเราได้ทันแล้ว,risk_immediate_danger
ตอนนี้พร้อมจะจบทุกอย่าง,risk_immediate_danger
ทุกอย่างมันสายเกินไปแล้ว,risk_immediate_danger
กำลังจะปล่อยมือแล้ว,risk_immediate_danger
นี่คือจุดจบของเรา,risk_immediate_danger
เราอยู่บนขอบแล้ว,risk_immediate_danger
อย่าพยายามตามหาเรา,risk_immediate_danger
ตอนนี้ทำอะไรไม่ทันแล้ว,risk_immediate_danger
เรากำลังจะหายไปจริงๆ,risk_immediate_danger
บอกทุกคนว่าเราขอโทษ,risk_immediate_danger
เราอยู่ตรงนี้คนเดียว,risk_immediate_danger
อีกไม่กี่นาทีก็จบแล้ว,risk_immediate_danger
ไม่อยากกลับไปอีกแล้ว,risk_immediate_danger
เราพร้อมแล้วที่จะไป,risk_immediate_danger
ตอนนี้ใจเราไม่ไหวแล้ว,risk_immediate_danger
ทุกอย่างเงียบลงในคืนนี้,risk_immediate_danger
กำลังจะจบมันตรงนี้,risk_immediate_danger
เราไม่อยากมีชีวิตอีกแล้วตอนนี้,risk_immediate_danger
นี่คงเป็นครั้งสุดท้ายที่คุยกัน,risk_immediate_danger
ตอนนี้ไม่มีทางกลับแล้ว,risk_immediate_danger
เรากินยาเกินขนาดไปแล้ว,risk_immediate_danger
กำลังจะก้าวออกไปแล้ว,risk_immediate_danger
เรายืนอยู่ตรงขอบ,risk_immediate_danger
ตอนนี้เราอยู่ในรถและไม่อยากกลับ,risk_immediate_danger
อีกเดี๋ยวทุกอย่างจะจบเอง,risk_immediate_danger
เราไม่เหลือแรงแล้ว,risk_immediate_danger
กำลังจะหยุดทุกอย่างตอนนี้,risk_immediate_danger
เราปิดโทรศัพท์แล้ว,risk_immediate_danger
ไม่มีใครต้องห้ามเราแล้ว,risk_immediate_danger
ตอนนี้เราอยู่ในที่ที่ไม่มีใครเจอ,risk_immediate_danger
อีกนิดเดียวก็ไม่ต้องรู้สึกอะไรแล้ว,risk_immediate_danger
ตอนนี้มันเกินจะทนไหว,risk_immediate_danger
เราไม่อยากรออีกแล้ว,risk_immediate_danger
กำลังจะหายไปคืนนี้,risk_immediate_danger
เราขอลาตรงนี้เลย,risk_immediate_danger
ตอนนี้ถือเชือกอยู่,risk_immediate_danger
เราไม่อยากกลับบ้านอีก,risk_immediate_danger
ทุกอย่างจะจบในไม่กี่นาที,risk_immediate_danger
เราเลือกเวลานี้แล้ว,risk_immediate_danger
ไม่มีใครเปลี่ยนใจเราได้ทัน,risk_immediate_danger
เราพร้อมจะปล่อยทุกอย่างแล้ว,risk_immediate_danger
กำลังจะทำให้ทุกอย่างเงียบลง,risk_immediate_danger
ตอนนี้เราปลอดภัยไม่ได้แล้ว,risk_immediate_danger
เราต้องการจบมันเดี๋ยวนี้,risk_immediate_danger
อีกไม่นานเราจะไม่อยู่แล้ว,risk_immediate_danger
เราไม่คิดว่าจะรอดคืนนี้,risk_immediate_danger
ตอนนี้กำลังร้องไห้และไม่ไหว,risk_immediate_danger
กำลังจะทำร้ายตัวเองตอนนี้,risk_immediate_danger
เราอยู่บนตึกสูงมาก,risk_immediate_danger
ไม่มีใครอยู่กับเราเลยตอนนี้,risk_immediate_danger
เราตัดสินใจไปแล้วจริงๆ,risk_immediate_danger
ตอนนี้เราอยู่คนเดียวมากๆ,risk_immediate_danger
กำลังจะหายไปโดยไม่มีใครรู้,risk_immediate_danger
นี่คือทางออกสุดท้าย,risk_immediate_danger
ตอนนี้ทุกอย่างมืดไปหมด,risk_immediate_danger
เราไม่สามารถหยุดตัวเองได้,risk_immediate_danger
กำลังจะจบความเจ็บปวดนี้ตอนนี้,risk_immediate_danger
เราไม่อยากอยู่ถึงเช้า,risk_immediate_danger
อีกเดี๋ยวก็ไม่ต้องเจ็บแล้ว,risk_immediate_danger
ตอนนี้อยู่ริมระเบียง,risk_immediate_danger
กำลังจะทำมันจริงๆ,risk_immediate_danger
ไม่มีใครช่วยเราได้ตอนนี้,risk_immediate_danger
เราเหนื่อยเกินไปแล้ว,risk_immediate_danger
นี่คงเป็นการบอกลาครั้งสุดท้าย,risk_immediate_danger
ตอนนี้ทุกอย่างใกล้จบแล้ว,risk_immediate_danger
เรากำลังจะปล่อยตัวเองไป,risk_immediate_danger
ตอนนี้อยู่ในห้องคนเดียวกับยาเต็มมือ,risk_immediate_danger
เราไม่คิดว่าจะผ่านคืนนี้ไปได้,risk_immediate_danger
กำลังจะทำตามที่คิดไว้มานาน,risk_immediate_danger
ตอนนี้ไม่มีแรงหยุดตัวเองแล้ว,risk_immediate_danger
เรายอมแพ้แล้วจริงๆ,risk_immediate_danger
กำลังจะจบชีวิตตัวเองตอนนี้,risk_immediate_danger
อีกไม่นานทุกอย่างจะหายไป,risk_immediate_danger
ตอนนี้เราพร้อมจะไปแล้ว,risk_immediate_danger
เราไม่สามารถทนได้อีกต่อไป,risk_immediate_danger
กำลังจะทำให้คืนนี้เป็นคืนสุดท้าย,risk_immediate_danger
ตอนนี้ไม่มีอะไรสำคัญแล้ว,risk_immediate_danger
เราอยู่ในจุดที่ไม่กลับแล้ว,risk_immediate_danger
กำลังจะหายไปจากทุกคนตอนนี้,risk_immediate_danger
ไม่มีอะไรช่วยให้ดีขึ้นแล้ว,risk_immediate_danger
ตอนนี้อยากจบทุกอย่างทันที,risk_immediate_danger
เราปล่อยทุกอย่างแล้ว,risk_immediate_danger
ตอนนี้ไม่อยากมีชีวิตอยู่อีกแม้แต่วินาทีเดียว,risk_immediate_danger

สวัสดี,normal
หวัดดี,normal
ดีครับ,normal
เป็นยังไงบ้าง,normal
ขอบคุณนะ,normal
โอเคเลย,normal
วันนี้ดีมาก,normal
สบายดี,normal
มีความสุขดี,normal
ทุกอย่างโอเค,normal
กินข้าวยัง,normal
ทำอะไรอยู่,normal
ดีใจจัง,normal
วันนี้อากาศดี,normal
ยินดีที่ได้รู้จัก,normal
ขอบคุณมากๆ,normal
โอเคครับ,normal
สบายๆ,normal
ชีวิตดีอยู่,normal
ไม่มีอะไร,normal
ไปเที่ยวมาสนุกมากเลย,normal
พรุ่งนี้มีนัดกินข้าวกับที่บ้าน,normal
ทำงานบ้านเสร็จแล้ว สบายใจ,normal
กำลังหาหนังดูใน Netflix,normal
ขับรถระวังด้วยนะ,normal
ฝันดีนะทุกคน,normal
วันนี้งานยุ่งนิดหน่อยแต่โอเค,normal
ขอบคุณสำหรับคำแนะนำครับ,normal
พยายามทำให้เต็มที่ที่สุด,normal
นั่งรอรถเมล์นานมาก,normal
เดินเล่นที่สวนสาธารณะชิลๆ,normal
สั่งของออนไลน์มาส่งแล้ว,normal
ชอบเพลงนี้จัง ฟังวนไป,normal
เดี๋ยวค่อยคุยกันใหม่นะ,normal
รับทราบครับผม,normal
วันนี้ตื่นเช้ามาสดชื่นดี,normal
กำลังพยายามลดน้ำหนักอยู่,normal
ไปออกกำลังกายมา เหนื่อยแต่สะใจ,normal
อาหารร้านนี้อร่อยดีนะ,normal
แวะมาทักทายเฉยๆ,normal
วันนี้ท้องฟ้าสวยจัง,normal
ดูแลตัวเองด้วยนะครับ,normal
เพิ่งอาบน้ำเสร็จ กำลังจะนอน,normal
งานวันนี้เสร็จทันเวลาพอดี,normal
เย็นนี้กินอะไรกันดี,normal
ฝนตกหนักมาก ติดอยู่ที่ห้าง,normal
เป็นกำลังใจให้ทุกคนนะ,normal
พรุ่งนี้วันหยุดแล้ว ดีใจ,normal
กาแฟแก้วนี้เข้มข้นดี,normal
นั่งอ่านหนังสือสอบอยู่ครับ,normal
ตื่นแล้ววันนี้สดใสดี,normal
เมื่อคืนนอนหลับสบายมาก,normal
กำลังกินข้าวอยู่,normal
วันนี้อารมณ์ดีสุดๆ,normal
เพิ่งดูซีรีส์จบ สนุกมาก,normal
ช่วงนี้ชีวิตเรื่อยๆนะ,normal
กำลังฟังเพลงชิลๆ,normal
ขอบคุณที่เป็นห่วงนะ,normal
เดี๋ยวออกไปซื้อของก่อน,normal
วันนี้รถติดมากเลย,normal
นอนพักผ่อนเยอะๆนะ,normal
อากาศวันนี้ร้อนมาก,normal
วันนี้กินของอร่อยมา,normal
กำลังจะไปทำงานแล้ว,normal
เรียนเสร็จแล้วกลับบ้านก่อนนะ,normal
เพิ่งกลับถึงบ้าน,normal
พักนี้ติดเกมมากเลย,normal
มีแพลนไปเที่ยวทะเลเดือนหน้า,normal
กำลังจัดห้องอยู่,normal
ขอให้วันนี้เป็นวันที่ดีนะ,normal
พรุ่งนี้ต้องตื่นเช้า,normal
วันนี้เดินเยอะมาก,normal
กำลังหิวเลยตอนนี้,normal
เย็นนี้ว่าจะสั่งอาหารมากิน,normal
ช่วงนี้ฝนตกบ่อยเนอะ,normal
วันนี้คนเยอะมากที่ห้าง,normal
เพิ่งตัดผมมาใหม่,normal
วันนี้อิ่มมากกินเยอะไปหน่อย,normal
เดี๋ยวขอไปพักก่อนนะ,normal
เพิ่งดูหนังจบ สนุกดี,normal
ตอนนี้กำลังทำการบ้าน,normal
มีอะไรให้ช่วยไหม,normal
ขอให้โชคดีนะ,normal
รักษาสุขภาพด้วยนะ,normal
วันนี้ค่อนข้างสบายๆ,normal
กำลังคิดว่าจะกินอะไรดี,normal
เพิ่งซักผ้าเสร็จ,normal
วันนี้แดดแรงมาก,normal
กำลังรอเพื่อนอยู่,normal
วันนี้อารมณ์โอเคนะ,normal
ฟังเพลงแล้วเพลินดี,normal
เพิ่งชงกาแฟกิน,normal
ช่วงนี้ติดดูยูทูบมาก,normal
กำลังเล่นกับแมวอยู่,normal
วันนี้เหนื่อยนิดหน่อยแต่ไหว,normal
เดี๋ยวไปอาบน้ำก่อน,normal
วันนี้เรียนสนุกดี,normal
เพิ่งกินขนมมา อร่อยมาก,normal
ขอพักสายตาแป๊บนึง,normal
วันนี้ยุ่งทั้งวันเลย,normal
กำลังจะเข้านอนแล้ว,normal
แค่ผ่านมาแวะทักครับ,normal
วันนี้อากาศครึ้มๆนะ,normal
เพิ่งเติมน้ำมันรถมา,normal
ตอนนี้อยู่ร้านกาแฟ,normal
เมื่อเช้ารถติดหนักมาก,normal
กำลังรออาหารอยู่,normal
วันนี้รู้สึกโอเคดีนะ,normal
ได้หยุดพักแล้วโล่งเลย,normal
เพิ่งประชุมเสร็จ,normal
วันนี้มีแรงทำงานดี,normal
เดี๋ยวกลับมาคุยต่อ,normal
วันนี้คนเยอะจริงๆ,normal
นั่งเล่นมือถือเพลินเลย,normal
กำลังหาที่เที่ยวอยู่,normal
พรุ่งนี้น่าจะฝนตกนะ,normal
วันนี้แต่งห้องใหม่,normal
เพิ่งซื้อเสื้อใหม่มา,normal
ชอบบรรยากาศตอนเย็นมาก,normal
ตอนนี้กำลังดูบอล,normal
มีความสุขกับวันธรรมดาแบบนี้,normal
วันนี้ไม่มีอะไรพิเศษ,normal
แค่รู้สึกสบายใจดี,normal
ช่วงนี้ชีวิตค่อนข้างปกติ,normal
นั่งเล่นอยู่บ้านเฉยๆ,normal
เพิ่งทำอาหารเสร็จ,normal
วันนี้หัวเราะเยอะมาก,normal
กำลังจะออกไปข้างนอก,normal
วันนี้ลมเย็นดีจัง,normal
เพิ่งกลับจากตลาด,normal
ตอนนี้กำลังพักผ่อน,normal
วันนี้โอเคทุกอย่างเลย,normal
ช่วงนี้กำลังฝึกภาษาอังกฤษ,normal
เดี๋ยวไปนอนละนะ,normal
วันนี้สนุกดีนะ,normal
กำลังหาของกินตอนดึก,normal
เพิ่งเปิดเพลงฟัง,normal
ช่วงนี้ติดกาแฟมาก,normal
วันนี้ใช้ชีวิตเรื่อยๆ,normal
แค่มาคุยเล่นเฉยๆ,normal
วันนี้เหนื่อยนิดหน่อยแต่โอเค,normal
งานเยอะแต่ยังไหว,normal
เครียดนิดหน่อยเรื่องสอบแต่จัดการได้,normal
เศร้านิดนึงเพราะหนังจบ,normal
อยากหายไปเที่ยวทะเลสักอาทิตย์,normal
วันนี้กินก๋วยเตี๋ยวมา,normal
พรุ่งนี้มีสอบ,normal
ง่วงมากเลยวันนี้,normal
ฝนตกอีกแล้ว,normal
เล่นเกมทั้งวันเลย,normal
หายไปจากโซเชียลสักพักดีกว่า,normal
วันนี้แวะซื้อกาแฟก่อนไปทำงาน,normal
เพิ่งกลับจากยิมมา รู้สึกสดชื่นดี,normal
สุดสัปดาห์นี้มีแพลนไปเที่ยวต่างจังหวัด,normal
วันนี้ทำอาหารเองอร่อยเกินคาด,normal
เพิ่งอัพเดทมือถือเครื่องใหม่มา,normal
นัดเพื่อนไปดูหนังรอบดึกคืนนี้,normal
วันนี้ประชุมงานเสร็จเร็วกว่าที่คิด,normal
กำลังหาสูตรทำขนมใหม่ๆลองทำ,normal
เพิ่งจองตั๋วเครื่องบินไปเที่ยวเดือนหน้า,normal
วันนี้อากาศเย็นสบายเหมาะแก่การเดินเล่น,normal
กำลังเรียนทำอาหารญี่ปุ่นออนไลน์อยู่,normal
เพิ่งซื้อต้นไม้มาปลูกในห้องเพิ่ม,normal
วันนี้ไปตัดผมทรงใหม่มา ชอบมาก,normal
นั่งจัดตารางงานสัปดาห์หน้าอยู่,normal
เพิ่งได้โบนัสจากที่ทำงาน ดีใจมาก,normal
